,distance_af_in_pr,distance_af_in_vl,distance_af_ex_pr,distance_af_ex_vl,distance_af_in_pr2,distance_af_in_vl2,distance_af_ex_pr2,distance_af_ex_vl2
Afghanistan,,,0.01317222513282945,0.07249660958940031,,,0.017649301026431457,0.06222428376841348
Albania,-0.040856778101934776,-0.04285356095475331,0.05253719361931514,0.03084763559324118,-0.03656000676191506,-0.04599546899034854,0.04666771426442898,0.033659651557705374
Algeria,-0.0247196981681299,-0.006847431276881638,-0.20519943064296822,-0.17631315215478086,-0.02856951224527274,-0.004660457742881956,-0.19213787067875465,-0.20165074227844468
Antigua and Barbuda,-0.0343334857112043,-0.002902003142334096,0.008910424087067397,0.020527962936918446,-0.021519747569103298,-0.007173249189701098,0.006332008821337555,0.02241958918539997
Argentina,0.019251941761812653,0.008359721438599473,0.0014661102878831785,0.0050735320150561754,0.019789220087905946,0.00857836558346954,0.00047157081366682726,0.004985927353751674
Armenia,0.03507747628937958,0.06759046772045448,0.0028578020241644686,-0.027377619292420337,0.03871286294796061,0.06384042392609955,-0.0022028944426898795,-0.014766825668049106
Aruba,0.03000626550125044,-0.022236151412417977,-0.03045348813030377,-0.012538670031893153,0.018648159909080708,-0.007603642317345698,-0.018449570562702945,-0.025193948681430094
Australia,0.017957311382485183,0.005612414925899857,0.0025159077755286547,0.0014594123103934176,0.021167412844191463,0.0039019757598158975,0.005122415550578938,-0.000990572962490421
Austria,-0.008446457891169924,-0.013746758293946802,0.009619811952205943,0.004277294509088202,-0.00977658566800967,-0.012088687566863305,0.006402969499566404,0.006739175732827528
Azerbaijan,-0.005916972877406993,-0.003550752551753624,0.040015269130856554,0.06382117015578412,-0.013064404593613339,-0.00153821685225296,0.037486286913965924,0.057554356926043
"Bahamas, The",-0.05436108051276765,-0.03475474491822604,0.10117415436942688,0.14005559888646593,-0.0489768962248652,-0.04124392409385913,0.13877635215635703,0.10146148844080523
Bahrain,0.045554459981780315,-0.00442373565198582,0.04618798868834825,0.04306161981628133,0.03861792359640637,-0.0050577838767331025,0.06533498431428962,0.032292194357413394
Bangladesh,0.03807164342392291,-0.06317878259750986,0.013608350772097322,0.039694121026263796,-0.028515979038679296,-0.006319940222891007,0.012857190210618189,0.0393687407117945
Barbados,0.0011539392497676457,0.02288572723348855,0.053120084374406774,0.024325344029968807,0.005454295416529866,0.019204947889864793,0.04545749803682041,0.033453714140784345
Belgium,0.004538239265412754,0.007710368125815244,-0.005251366240986578,0.007080480759284559,0.0015133276122689457,0.012071105517618606,-0.00037507044214722104,0.001700425625514934
Belgium-Luxembourg,0.016076659690525907,0.014095778942426633,-0.048756647219574685,-0.07227565392127176,0.01621927172905149,0.014137512420578917,-0.05126601740562429,-0.06833567155762837
Belize,-0.0005306642416572257,0.016360583925453025,0.02015615629630769,0.022985314857548688,0.0023597895249547075,0.013760386182999561,0.02124411598340697,0.024921580982052962
Benin,-0.029930702060785873,-0.06043989414234038,-0.042021358638125006,-0.03582217860366967,-0.032303371429542586,-0.05795354353089303,-0.04774179729998178,-0.027064283837454364
Bermuda,,,0.08420577073273457,0.025913987900055533,,,0.06649855254289147,0.0346421056037673
Bhutan,,,0.05602149207438937,0.03770987125733967,,,0.050736322211976444,0.034486407696531496
Bolivia,0.035700163959799906,0.04251989533385154,0.014253893247897277,0.01382317642780292,0.03544576702490959,0.04272950239458801,0.014326157786757051,0.01678366744352666
Bosnia and Herzegovina,0.026175291994214856,-0.010412948118380366,0.006279091397964886,0.030346145366866376,0.002314511717305493,0.008759955211695621,0.003498857033147634,0.027845119486062955
Botswana,-0.004687880515492405,-0.024761404195053835,-0.07571362525874319,-0.08171416085251561,-0.00613106962298877,-0.023147913012278344,-0.08541616971286646,-0.07124278109852528
Brazil,0.004722836092974347,-0.012779647609545221,-0.015857221901250596,-0.01822421765085591,0.007521989293769791,-0.0130750621699045,-0.017131188607917833,-0.016675665130983383
Brunei,,,0.26697091414918267,0.16527126755947324,,,0.28253383577005514,0.1485339741887208
Bulgaria,0.009077421452879058,-0.022039631769951953,0.028820689960891797,0.029161442225980546,0.009763563951173587,-0.02645732123708687,0.03192460962432012,0.02699576128542901
Burkina Faso,-0.025414817553457546,-0.054102706116953135,0.12045172199222616,0.04035748342523068,-0.03165527602765994,-0.04734655246352886,0.11515272417875497,0.0502465595725612
Burundi,0.08263224543774815,0.07407316331668272,0.06790795048599116,0.08241583244262533,0.08290221727060432,0.07183476773512641,0.05535373521855924,0.09864121498884273
Byelarus,-0.0036719033338592586,-0.007793555798287367,-0.0035145972341870287,0.02174103339397436,0.000301592757289655,-0.014748449873936578,0.0045464661096053715,0.01798225405555922
Cambodia,-0.040129525284016455,-0.010044156218126538,0.006432439892244167,0.011438402015344016,-0.02015893878148643,-0.030569977040293028,0.0050072689654081055,0.012233793790897495
Cameroon,0.007991110082894428,-0.012393284294040416,0.03630114313721461,-0.006203441976700692,0.004930852997584015,-0.008455755864181588,0.02857097731927445,0.0019819029893995183
Canada,0.0022405016229229907,-0.0009044106118626134,0.0028830311961973863,-0.0024860086340948565,0.0032618034555292564,-0.00013043434600104866,0.0025739076441443492,-0.0016220398437688742
Cape Verde,-0.019654711689797533,0.0014638922623189858,-0.02500953836558763,-0.03342476170552737,-0.015079179506603658,-0.0019478907150277797,-0.03660071799031191,-0.0245504352823653
Central African Republic,-0.05449149361354697,-0.04951008737139406,-0.015245520477523518,,-0.04368174720351039,-0.06014590178658522,0.002341091930385692,
Chile,0.00566167106017339,0.0061464114860637666,0.01532948763126635,-0.010231382480756607,0.004921300081053454,0.007477874883468163,0.01706628300825837,-0.011379082825396934
China,0.02977461780632809,0.04871002127299997,0.00202733965030691,0.02603163908023163,0.029231501316475145,0.04995368095627441,0.004020829132545923,0.022931352747019174
"China, Hong Kong SAR",-0.013015558661208518,0.008218198048087101,-0.021582108166600354,-0.01994556256579307,-0.012342713621011303,0.007115727984359512,-0.020148781881570568,-0.021041072055437444
"China, Macao SAR",0.01082940018472646,0.00984654756538821,-0.07069608836150001,-0.12574636190084154,0.012645337892967507,0.008918207832096089,-0.0762671793000128,-0.11686220778287863
Colombia,0.010947828082756092,0.010630122413348304,-0.01433743030554064,-0.01037144408163347,0.011180113126585844,0.010608211599068811,-0.01703483961054283,-0.008584956465378466
Comoros,0.08113311768951699,0.03884875190361199,,,0.08410018762342128,0.03828679518876585,,
Congo,0.03271544561527234,0.025804653867270873,-0.01723024417776853,-0.04150433686480938,0.030303251215081928,0.021425636156414213,-0.022284592864910923,-0.03767610042084114
Cook Islands,0.015421842295873105,0.056082470347770474,,,-0.010569110716744184,0.055443022799902875,,
Costa Rica,0.010593764068798295,0.010951818864981708,-0.0026940559489117078,0.0130054279384398,0.011060913619733482,0.011149433115575475,4.124172586436301e-05,0.010800714377093155
Cote d'Ivoire,-0.02269706734524803,-0.03190504839101547,0.008845760440579088,-0.024938678431278238,-0.021976140414313783,-0.03666244053405134,0.00014744566613017682,-0.015117576600459186
Croatia,0.000919391887656629,-0.007140663320413842,-0.003322021896000974,-0.011525992812641408,0.002142642789181227,-0.007276882406456198,-0.0016264186018542732,-0.014503739399661519
Cuba,-0.01990240203157065,-0.0076061976216856425,0.17743349206882622,0.2737923616667755,-0.008951148768886244,-0.01463657163790273,0.22561855048951207,0.22561026417839677
Cyprus,0.016461252052176543,-0.017128573358609404,-0.009975370252584121,-0.007769812065098305,0.013586241575935212,-0.014146238310461417,-0.009859428893507705,-0.009658933554245786
Czech Republic,-0.013953158108377101,0.0043138836959377815,-0.018344762134451485,-0.01380798210524816,-0.013584095618193702,0.0031668635842979215,-0.021736295618459817,-0.012434548747335164
Denmark,0.008112968532711868,0.0014702365869234317,0.003629468580514465,-0.01153018422407724,0.009238442686206789,0.0017762535307794367,0.0009466254450741006,-0.00983996930521204
Djibouti,0.016556464563666676,0.04387512338249923,0.01365374415910959,0.02764749612067625,0.03664377204560824,0.02448157955762138,0.015988344492702106,0.02398879965120427
Dominica,-0.00422231342362375,0.03956951136936364,-0.10989764959710598,-0.11713494490850089,0.005393268376165554,0.005583218473052383,-0.1373392683736693,-0.09934927064696605
Ecuador,-0.009450713767892634,0.0017089852862993509,-0.0012788750140690095,0.014546741473035462,-0.008743560598458152,0.0006382845042803852,-0.0036453644417205116,0.014951044772447042
Egypt,-0.043764597878141305,-0.06082301983472435,-0.004450666444318732,-3.337667217786607e-06,-0.05045921018741583,-0.05297340134380506,-0.004246540490753321,-0.0021767371449928383
El Salvador,0.012303973704257249,0.027990788634099612,0.02653803461928336,0.010788758149130585,0.01886511748290217,0.025501262734484866,0.0201612119628644,0.01412351261676339
Estonia,-0.014043628885817616,-0.030111722712002353,-0.01872215184919024,-0.021193707215627456,-0.02175043688144995,-0.020092541563195898,-0.023702254076457176,-0.015683876758680434
Ethiopia,0.09527436768139506,0.04758702208541572,-0.032509485733664786,-0.05054994465449244,0.08649939052140848,0.052795839410961394,-0.04169051310166967,-0.0398478458970916
Ethiopia PDR,0.014596688089660182,0.012032095364170834,-0.013913245468138949,-0.005861165947220466,0.02123510156714538,0.01089737436671336,-0.02529852992583201,-0.0023182006298076477
Faroe Islands,0.011774899864322284,-0.017619663337570354,,,0.005296808850469849,-0.007976769038290085,,
Fiji,0.04308086884005126,0.039815870221550316,0.029852967582971835,0.020806011401459795,0.04032591627930124,0.04097976783213654,0.02427213005612346,0.01745660468874641
Finland,0.009347446389213794,-0.005931184209099403,0.015390729330225226,0.027691670617159082,0.007870110781497092,-0.003450925926500028,0.016416967923264313,0.025706700231158033
France,-0.005604410993932439,-0.006850029115959951,-0.01069883965442782,0.002997014147331805,-0.0069363999186226565,-0.005169840353560904,-0.012246989251854173,0.0030477483025150493
French Guiana,-0.005269146668575239,-0.01122401437424518,-0.028801094610490994,-0.0063179582540643184,-0.009754007131597341,-0.005822088715565915,-0.029034133753103174,-0.011073927074950194
French Polynesia,0.015325230694856995,0.029628217306006798,,,0.02935752936126623,0.018723633383729003,,
Gabon,0.0315574879453069,0.007734761084113608,-0.07798406685739717,-0.07557993290053264,0.031652919478852515,0.012392999819359934,-0.08099044836606557,-0.07453841040829827
"Gambia, The",-0.07314310481388987,0.018766929795803196,0.03132213568280894,0.021148315026881553,-0.06376249249890174,0.021765109752969566,0.031067104359646307,0.019624569023097647
Georgia,-0.002977893687696017,0.02929670390163951,-0.17524143004814746,-0.11662402118334184,0.005934941464353002,0.019778343358444996,-0.16652345044958416,-0.1326901814647929
Germany,-0.010176112615006309,0.0006272979498388612,0.007546621791452008,-0.005525519319047999,-0.010321343832043176,0.0019673233122495747,0.0036010403266440033,-0.0025751840496357472
Ghana,-0.022004258640394438,-0.005006144806290941,0.016315863842412213,0.036009566909956235,-0.019612786158270702,-0.010166312986466999,0.016705851998083016,0.0341249095255832
Greece,-0.003749096108410796,-0.005462857357439976,-0.02312369382298065,-0.021089700018079745,-0.008784422071904151,-0.0005708202085994445,-0.027468161976866336,-0.01858817168504009
Greenland,0.009159264134902305,-0.008872038654684078,-0.010927432258315791,0.16988208132589494,0.019715494000503927,-0.011110278270390107,-0.017274759482343603,0.17443336460619793
Grenada,-0.010465173061295324,-0.008712358137045954,-0.03068898394354867,-0.10559640757278912,-0.006608452043588946,-0.01139048846745037,-0.003163383514153288,-0.1228474418277414
Guadeloupe,-0.0033922155876238073,-0.00869862128846771,0.04367253968687943,0.036180977264364665,-0.0033873110376755173,-0.00682570074043681,0.061113106841307344,0.02811129740258803
Guatemala,0.013034406230358625,0.012593339592173078,-0.008116884003598548,0.00726598795474894,0.019448691912865572,0.009309943293509126,-0.009788352971568843,0.009319129745246846
Guinea,-0.09328260011988672,-0.03885412736756904,0.13405970437556594,0.10252453006701305,-0.09679105536059188,-0.043629264490987016,0.11089416445346648,0.11817248745877397
Guyana,0.010907141776681834,0.030183521437247462,0.01733127062550932,0.004735635990954146,0.010627105849526369,0.03345696019011981,0.020533240548754033,0.00027916876330279363
Honduras,-0.02215392052489716,-0.010277124160801588,0.006785089966500427,0.021990814736926906,-0.022990229537653558,-0.007076455128418078,0.007610344951396171,0.018150901534956555
Hungary,0.046642784230552986,0.03711967892168394,0.008164389022988505,0.0007867402979218307,0.047803664811287574,0.036901643588369254,0.006618344063503122,0.0030777936088573635
Iceland,-0.010797108518836569,-0.024223858303038276,0.005769487894697843,-0.023834563434721828,-0.010877674536059383,-0.022788937014633505,-0.0064152190653315325,-0.0131065568402928
India,0.01455208475127354,0.01441146870164376,-0.008035556663292188,0.0002343864392272512,0.014182049164057029,0.015160263460654399,-0.00949451370956911,0.0014021710525991158
Indonesia,0.014215569394177332,0.028897788056684023,0.012009744362213632,0.006700542607181742,0.012741686329309741,0.02947686793757467,0.011451295137853392,0.006776070534606571
Iran,-0.019267171595442587,0.012556695859948723,-0.015926216361491,-0.00788593573423083,-0.0034901590073069793,-0.006849554931925522,-0.01562478893515117,-0.007394607506323936
Ireland,0.011984211470145379,-0.0007372448840072303,-0.003548527335500943,-0.023426669905415965,0.013713791037020242,-0.0004170703685275585,-0.008695550582438762,-0.019343350771799116
Israel,0.011617698991647782,0.028171127103190117,-0.017295738971835714,0.011755302108420868,0.01265793801433484,0.034483172039054606,-0.016956288888740276,0.008524868607511117
Italy,0.00468591733215221,0.002823383437938798,0.0032231575040310664,0.0036562399474460894,0.0034876790667709165,0.006177260569158084,0.0005306690816130655,0.006318845377027433
Jamaica,-0.013268128149553115,0.009319201818950256,0.008222547392830036,-0.018723153000131228,0.0027002102398880393,-0.0036031817051870797,0.002115698255060588,-0.014762838942046665
Japan,-0.002086534678212225,-0.003830278241178393,0.0012486730348502454,-0.012527357663850743,0.0005908922456917542,-0.004164713297585519,0.00013804178592676411,-0.010811973525317395
Jordan,0.004758628489239263,0.01305135807118312,-0.01637573333422573,-0.023566392662321644,0.007949224930254718,0.011055254777423031,-0.02087285828504103,-0.01853919898643282
Kazakhstan,0.013554555238671625,0.010080426092123996,-0.02078701270795786,-0.012821939971808345,0.015540206038732737,0.008204425032945618,-0.026093766449985383,-0.010741386765039232
Kenya,-0.047791241047149775,-0.03804015674300937,-0.0606366294100272,-0.06539121592275755,-0.04782305750385016,-0.04154591195141083,-0.06485854746723937,-0.0615563755734488
Kiribati,0.0950737035850838,0.13680708305470493,0.18444613738801158,0.047388708596182424,0.11760731042250765,0.11596332703116148,0.11591742299209701,0.11591742299209701
Kuwait,-0.025602085656873337,-0.03104522172915406,0.036420408724668354,0.026829288647126803,-0.02897627078416139,-0.026810576282270113,0.03874269320960286,0.02450250387072643
Kyrgyzstan,-0.08238408094691939,-0.028093261901248286,-0.006533610847949053,-0.03735501867742451,-0.08034740815427696,-0.030479067964163737,-0.007740932429753642,-0.038567529117889236
Latvia,0.017395056595647315,0.007406136706485226,-0.05694226537220324,-0.05492549501643388,0.019737852203180282,0.008017937748764763,-0.053721576476456874,-0.05828130640999811
Lebanon,-0.01287688002797408,0.0011372536864926689,-0.007442286032952817,-0.004970127740099311,-0.006617361501137477,-0.0032772888171851474,-0.0029321128181703155,-0.008244254273061767
Libya,-0.00898692782245896,0.0008879145443094524,0.0377418082124196,0.044856319167255444,-0.016556443392360305,0.0023345857341595805,0.04834711697391734,0.039501029951880165
Lithuania,0.00806974213747466,0.01584385055780801,0.055109502235011466,0.06594303874273515,0.004479539406304391,0.019111279252071026,0.054894898554377285,0.06569019686700713
Luxembourg,-0.004564706570521904,-0.006971193074161018,-0.0004039521516682467,-0.008866736720476946,-0.0004670254894878868,-0.012390958394474122,7.005083656275801e-05,-0.007975207274144462
Macedonia,0.010306048553338009,-0.010462591382097125,0.026096805013774857,0.025413154681455462,0.005816710350015567,-0.007732730140003267,0.03388968153691132,0.01720824710920306
Madagascar,0.004851155578517512,0.00012366046550336566,0.015336613025406952,0.02584494436202082,0.0116471244147163,-0.006411032068654388,0.015846626555483426,0.02584495952386932
Malawi,-0.004715018970989616,-0.0007653555659770813,-0.0010677672945295653,-0.007520677535363679,-0.008486052759430639,0.006083814051484696,0.0009833155909395833,-0.010662980149422904
Malaysia,-0.0014266765236366173,0.0007154839842094544,-0.006641706937886427,0.00657901178967484,-0.0001225196650647277,-0.0005848079388139525,-0.004118471588732929,0.003437855379409534
Maldives,-0.039693173901028826,-0.015462503268895967,0.056861288824035634,-0.017575858979263233,-0.038414147669818405,-0.01724216221625582,0.02079222020251159,0.01894389490230383
Mali,0.043402160137948204,0.044283952882748626,0.016732809748103532,0.017018886383623904,0.041260194309610414,0.0501328971961886,0.02073950724786332,0.014924450319984631
Malta,-0.015142297812763545,0.009527314197757224,-0.055216834967054824,-0.08537031542974945,-0.010196080666052338,0.00496898905865973,-0.05934945538746666,-0.08197118395824604
Martinique,0.00933514604036706,0.010831472060700214,0.013835825899141297,0.04276278624225606,0.01546479377261116,0.008448178111307705,0.038642274890868814,0.022569297851969865
Mauritania,-0.03599316535506813,-0.043104150180592174,0.06674189465552464,0.06652868039750977,-0.03522676523940303,-0.036402181145805276,0.051546503993432524,0.08923613108862048
Mauritius,0.0005913097417821959,-0.012217298529813203,0.06877871585561887,0.10608845266500352,0.0010057340196638139,-0.011224079040519629,0.06622857973731434,0.10872204369835978
Mexico,0.0007492762573930512,-0.010690977924355886,0.019198269756422425,0.01888888931135544,0.0012099660720884314,-0.009988935418028614,0.01792711681314928,0.01994583724609368
Moldova,0.002098347154109055,-0.03684805475483275,-0.025765903118229412,-0.024345866688027296,-0.00871493127196744,-0.023524241805404418,-0.031674192594885096,-0.02065582531160548
Mongolia,-0.039198075819343446,-0.03868408977603522,-0.11671529670878958,-0.11061458021118295,-0.03526859033089362,-0.035354629404463524,-0.14279640349397746,-0.10132470821468864
Montenegro,-0.005790343320916092,-0.00848340895335172,-0.016104345270856905,0.005443811325218059,-0.008756183003397228,-0.005428568743389357,-0.01293761834646919,0.007248188963808988
Montserrat,0.08094815480687345,0.0554854126263008,-0.1017422496313003,-0.11069030716588539,0.08435597734756041,0.04735447461227934,-0.11534511862414876,-0.09196944184235627
Morocco,-0.020649325118875413,-0.04670632524534638,0.005772731698561018,-0.0014439144500175975,-0.01893813744549384,-0.045082147571160074,0.004661167700075698,0.0025059395620555427
Namibia,0.00967820202625484,0.02573256575762255,0.04814352759080201,0.02327608232960495,0.013172552929818579,0.02702754391664902,0.037396871627184504,0.03457985521390834
Nepal,-0.04383426812638429,-0.021535728121490925,-0.03090636097378629,-0.0024349646583645404,-0.03663347591424952,-0.024875244344971983,-0.03620753325604711,0.001545458408445537
Netherlands,0.004771572349360146,-0.007420115434186912,9.610307593383521e-05,-0.004125887525662981,0.00180942036830651,-0.0037619154611419937,-0.0033537217589399084,-0.002300871503007354
Netherlands Antilles,,,-0.054258823387851436,-0.004409999067915063,,,-0.03790995162671667,-0.0242559479279821
New Caledonia,0.004635362577563055,-0.03296086054118975,0.14548712230316915,0.20915293351894765,-0.006971870816050669,-0.023286466828976792,0.16100134852746656,0.20176307986948755
New Zealand,-0.0008612817121038445,0.0046205902950389195,-0.011326993705466911,0.00462149806881738,-0.00275542958635728,0.006575543922999674,-0.011570064587284594,0.003824068338235042
Nicaragua,-0.012914399058498238,-0.014428862226063833,0.03266616869566611,0.0012691677697297496,-0.009259667589259722,-0.014894464535887058,0.028638325227465112,0.004346292930738694
Niger,0.008034552522329035,-0.01966000980026309,0.04046679138784351,0.04152303478169302,0.003677567620908681,-0.016298795461901057,0.04737130598824286,0.03051708340575117
Nigeria,,,0.002398581198133169,0.013428250215334052,,,0.00660485763265336,0.010177496273055949
Norway,-0.008357934310819333,-0.010369165322719037,0.006008337275103307,-0.006308031193026744,-0.007982256648311186,-0.009996545274590775,0.0026020088112321906,-0.006021661302205469
Oman,0.004467073210536633,0.008114416938020102,0.03491539104034172,0.061063203692332535,0.006678224909542671,0.007299533639322016,0.041837598838769564,0.054575310551223936
Pakistan,-0.026483813848725765,-0.05514547141484012,0.03095100190591181,0.038185397024559635,-0.03156209674118114,-0.04937467089835221,0.028576654695711697,0.039616220704258624
Panama,-0.010363658852116842,-0.007084435458675219,-0.012350093517173425,0.003304700321632484,-0.012615417111503578,-0.0049222628330668474,-0.010818326101566963,0.0012428601614843204
Papua New Guinea,0.019873099163704753,0.04105626775473975,-0.08894951906799213,-0.026396078303213753,0.033233000499797966,0.02749739073824706,-0.09972101774427604,-0.01426373171345202
Paraguay,0.012129120935186472,0.008213635261403505,-0.014791712319438648,-0.016643294440640347,0.012329092757976466,0.008757553840720736,-0.0135449533279619,-0.01855211348849199
Peru,-0.018822352169709823,-0.01637415245182104,0.016831699700876068,0.0164608573582228,-0.018635297855691388,-0.016521370966311705,0.016259315850238373,0.013662420971001921
Philippines,-0.020991569798875207,-0.0162237199994359,-0.0030929540356069963,-0.029462122435979045,-0.0217870308239492,-0.015633738651989738,-0.0013860462215787947,-0.02818979679846768
Poland,0.017644914230376695,-0.05348211599825071,0.014159375298359226,0.00335590623915193,0.012924467441276922,-0.044821517374576826,0.01223953196344433,0.005165504009982254
Portugal,0.000461449438470757,-0.006262849484144592,0.002730987724362476,0.006535483944649091,-0.0013748842734218726,-0.0028579892500439187,-0.0002896892889285641,0.007665780847208163
Qatar,-0.05922340232339764,-0.03798308991993886,0.012722735332633146,0.021263334106093042,-0.04998887099533524,-0.04631282597636801,0.015055050331876818,0.02343263040033889
Romania,0.015245219600827174,0.023483686565583032,0.010048004234350837,0.02144487934926853,0.018178373625467852,0.02060069527598727,0.009164015200123618,0.02124982362754148
Russia,0.043114493485607926,0.032730103351593584,0.006722778143978587,0.017976169099793465,0.03999278694383966,0.0353545582481616,0.011211580645662094,0.01248165867913678
Rwanda,-0.04627534277357232,-0.022143574029117694,-0.0032872811101119434,-0.012501419148672489,-0.041019787920438686,-0.02909604053977921,-0.007136949708518387,-0.006170143663385846
RÃ©union,0.008799422699370186,-0.008185362865264235,-0.11072955891499653,-0.23843906263624234,0.004493012404715348,-0.0028630760319451353,-0.1761144843344945,-0.16661354751146687
Sao Tome and Principe,-0.0701380388853858,-0.02920468297722669,,,-0.06019039976576904,-0.030771514673281493,,
Saudi Arabia,0.005410296459468551,-0.007461760441283687,0.0025973552486060285,-0.0023644306631935225,0.0032012515940103214,-0.008008007225506862,0.003780824618269476,-0.004835566245252932
Senegal,0.02430701377586491,0.043958010164311424,0.018226049742726697,-0.019643585938586134,0.027987585353698732,0.03831330101969393,0.009791989805852585,-0.017047127576109624
Serbia,-0.019876767608667315,-0.006417226217165186,0.007313155644210886,-0.00974779450402512,-0.02467728022376525,-0.0017066769809995425,-0.0017392339908115625,0.0030216406848712156
Serbia and Montenegro,0.0986366548330962,0.06237849365205405,-0.07395144063067016,-0.05537142555701822,0.09256300747597537,0.06802856767775897,-0.08968246931500402,-0.05031510736359306
Seychelles,-0.012574699133032044,-0.014744933592982987,,,-0.007982432298235587,-0.020918085168427112,,
Sierra Leone,,,0.02080802181621134,0.1217992023292316,,,0.022124200114684633,0.12024021900818704
Singapore,0.030632841853333155,0.029851283160949958,-0.016156595524266404,-0.0054728378726457885,0.033254467618378226,0.027485214125300757,-0.017191299222037108,-0.004225724796214473
Slovakia,-0.02006412720926083,-0.009118645193296283,0.007663354573737027,0.01612794781751637,-0.016583189468279178,-0.012352961760755546,0.007336740151051926,0.01424487907942757
Slovenia,0.015843362190873407,0.004106879781137141,-0.04736739918476281,-0.054979516593128615,0.01651518290516107,0.004929392833662884,-0.045771265170160384,-0.05696623359311806
Solomon Islands,-0.03839504120937766,-0.039709355672310064,,,-0.03256964961510106,-0.051384517515822105,,
South Africa,-0.027866208947995876,-0.02762926588348092,0.005468364163313573,0.0008892009845496059,-0.024868452034755042,-0.03022309154183912,0.004093481750951762,0.0015081956734171815
South Korea,0.00335894789366887,-0.007030680500471623,0.0012908670630331616,0.0048317851641888135,0.001197988872840916,-0.004058736889243227,0.003511192531944685,0.0026560290942619987
Spain,-0.005036402099150899,-0.008510756784918918,0.006625619079068148,0.009008678060733128,-0.005694033702511218,-0.006614072617798668,0.0064136564910997115,0.008117249871039537
Sri Lanka,0.02499992252438404,-0.020195318285984015,-0.049770155713841205,-0.0438744316140523,0.025909968801078972,-0.01508899302893962,-0.0502407150054699,-0.04389969358088857
St. Kitts and Nevis,-0.020186845903015695,0.006163321129029018,-0.21877305687217227,-0.1949791669133008,-0.01811168951833448,0.003197110336658949,-0.15710121993159007,-0.20442797003406227
St. Lucia,-0.02852117280660434,-0.05576202865924946,,,-0.040353219807309514,-0.0505901837946758,,
St. Vincent and the Grenadines,-0.1313656581317564,-0.010385703132064772,-0.010215254021332696,0.01584641424884669,-0.07128299051881178,-0.055455243003139636,-0.0060447639854627816,0.008452311675550835
Sudan,,,-0.008231040410386383,-0.008459760524364975,,,-0.004744601833780645,-0.012176507957332003
Suriname,-0.03451823357570009,0.04490729668650073,-0.02464662094429989,-0.054346639321414,-0.0062267192218913026,0.008652772101283438,-0.02591962095746442,-0.051851461230937534
Swaziland,-0.04492365861034487,-0.039215616119510556,0.016216283103994075,-0.026625457462323487,-0.04231978115273103,-0.045880615175432654,0.007408857275381916,-0.00400665257838533
Sweden,-0.029801328424165448,-0.028987406533421748,0.001114437636259575,0.007320611779867059,-0.030764267527831176,-0.028299415376548703,0.0017058583856332976,0.005905839388938541
Switzerland,-0.0009335901578199048,-0.009413429974307719,-0.000879900094987312,-0.005461406005975214,-0.0036678342004502224,-0.006279223042935845,-0.0005210859305155586,-0.0058931974477998165
Syria,-0.04523473693813727,-0.025026889061627935,-0.005662060065862974,-0.0226153776536009,-0.03595863738658714,-0.02745981922002123,-0.002386579200557011,-0.02563750575497262
Taiwan,0.0012262464294199504,0.01315696056569399,-0.017601456170581568,0.012022557000868756,0.0055002510838484935,0.009849996809769359,-0.01860162143634829,0.012682383510679773
"Tanzania, United Republic of",0.02633558843197303,0.024443964477725347,0.01479561402008172,0.022367678498368012,0.025453384286967584,0.025599122876088808,0.018034645017237002,0.019078978968724385
Thailand,-0.00014066385627313583,-0.004663015445797232,-0.018701316937140684,-0.008815494489159918,-0.00011083694444987395,-0.003103112255540775,-0.02174557616850778,-0.007016911171412175
Togo,-0.02709426949695285,-0.014443720662180604,0.059743776601044095,0.015026946617185892,-0.022757146659511614,-0.01450317207845663,0.06756335177598739,0.013246539528602087
Tonga,0.004284180666076197,0.014832720842868028,,,0.005432918290387361,0.01814184055358503,,
Trinidad and Tobago,0.005583687544699556,0.013893548596773836,0.005292598100286428,-0.011732124338958717,0.009392582826068129,0.013240993787718576,0.006646031912482369,-0.013759129938366208
Tunisia,-0.001922274259978092,-0.003489061311215039,-0.018714333440767523,0.037518903596193545,-0.0035736176909168197,-0.00238596162504719,-0.017461884842521213,0.034187266830224945
Turkey,0.008167148271103328,0.0039535416919136875,0.013820111536627112,0.020900161436581566,0.01056537464061941,0.0027710772004303956,0.014487219136303799,0.01926113923957875
Tuvalu,-0.02087881462430389,0.051216701858648114,,,-0.01334360937111135,0.0417195049172847,,
USSR,,,0.002057304598512697,0.011025416304657745,,,0.008636921189739317,0.006220785857130362
Uganda,-0.011626849974389127,0.01188195631715104,-0.0028308572868336233,-0.013934050348754421,-0.005567843009485336,0.005602088367855189,-0.0033189531286981324,-0.01207156240881047
Ukraine,0.002501183138290445,0.02691262966242946,0.005003414613179956,0.01413352573954615,0.005566333156041761,0.019524876084264405,0.0026538419881475604,0.015244416364189408
United Arab Emirates,,,0.011249011846166395,0.013926047841651377,,,0.013619877293978021,0.011423394239084035
United Kingdom,-0.0017735480980341871,0.001611090699134554,0.019456242222585053,0.008593755818525934,-0.003341767955866073,0.0035177296143434687,0.02030068141528083,0.007559116112168569
United States,0.010680153050883691,0.005533444670828981,-0.005603837145778434,-0.004847728329884064,0.013689539043031093,0.003154693629667188,-0.0045165422994517725,-0.006633655600609541
Uruguay,-0.004975339342111145,-0.0009618871013142343,-0.01827364032682641,-0.0053238721479013295,-0.00600828341830069,-0.0011510785545725758,-0.02149073030103171,-0.0035984658394258547
Vanuatu,0.07646992934111754,0.012206780210125839,-0.12326891489115938,-0.037583503998580264,0.058922526912578856,0.027524361566417726,-0.10008896129464111,-0.0428276006233315
Venezuela,0.03187961763434765,0.02359891900913531,0.024163763266661205,0.03602237740597079,0.033142801335180466,0.024100334288503323,0.02459135370653838,0.0343748776512891
Yemen,-0.01970356490966167,0.019678847437097774,-0.06796190836649176,-0.05727015836274687,-0.024803672551916862,0.01812173574598971,-0.07392053638904289,-0.055365669107044616
Yugoslav SFR,-0.0070136216426366985,-0.02901898936993698,-0.007920337499975326,0.0001792951601198902,-0.009725165686304844,-0.02269205326804464,-0.006627648035673553,-0.0015423623547310822
Zambia,0.010126359392696054,0.0016526160273519948,0.024751018107123293,0.0006884001505854752,0.00433722384394515,0.00984324622419504,0.024826077006332423,0.002351031545483043
Zimbabwe,0.008092388321353469,0.04400168792335846,0.0013254824702029235,0.00979237612695528,0.010017670490809866,0.04145814939515334,-0.0006094505612401499,0.012373187761992737
American Samoa,,,-0.05232553701966728,-0.013356134303064501,,,-0.040145316395838064,-0.01989078922535569
Andorra,,,,,,,,
Angola,,,0.056151819676149115,-0.02462086645643195,,,0.016422627519784367,0.015290041759180433
Anguilla,,,,,,,,
Bouvet Island,,,,,,,,
British Indian Ocean Territory,,,0.045863767695917296,0.016605551790635012,,,0.031234659743276147,0.031234659743276147
British Virgin Islands,,,0.003713302760631784,-0.12412261399690014,,,-0.022180661612219238,-0.11413982148939729
Cayman Islands,,,0.1341782145648987,-0.012183484714094965,,,0.06099736492540186,0.06099736492540186
Chad,,,-0.014065181478860949,0.007530826422925866,,,-0.007576255719698938,-0.00023665760548834114
Christmas Island,,,,,,,,
Cocos (Keeling) Islands,,,,,,,,
Czechoslovakia,,,-0.03637003532842018,-0.06007663574967456,,,-0.05246692208088759,-0.043380213991867596
Dominican Republic,,,0.009815640318305873,0.0012499503504351565,,,0.008558858155122681,0.0014559902764386156
Equatorial Guinea,,,,,,,,
Eritrea,,,0.061010224612741214,-0.029495001012807293,,,0.04798052642700952,-0.04585821753096621
Falkland Islands (Islas Malvinas),,,-0.06912149066174765,-0.15313764568197738,,,-0.10682158463295038,-0.11401498833414475
Federated States of Micronesia,,,,,,,,
Gibraltar,,,,,,,,
Guam,,,0.08719987518784207,0.10907923883324364,,,0.0800853857364339,0.126315625486412
Guinea-Bissau,,,-0.016322923607908,-0.0229429054152189,,,-0.02386796817173073,-0.016873763701747983
Haiti,,,-0.0684653427995773,-0.07236339099142992,,,-0.07545066172184213,-0.06997143130658767
Holy See,,,,,,,,
Iraq,,,-0.003053791622005298,0.005797895004058212,,,0.0039163809490958155,-0.0007551920429928851
Johnston Atoll,,,,,,,,
Laos,,,-0.01337167049624416,-0.01702094334399524,,,-0.01604354845856446,-0.01121324749250214
Lesotho,,,0.06797000812872028,0.005701896755146751,,,0.08801826934513186,-0.01576503352260192
Liberia,,,-0.07684325610514312,-0.11958273808097708,,,-0.09503356184908787,-0.1027371176173469
Liechtenstein,,,,,,,,
Marshall Islands,,,0.03273644392877728,-0.0030006959950518606,,,0.02776192194267509,0.006893214145135001
Mayotte,,,,,,,,
Midway Island,,,,,,,,
Monaco,,,,,,,,
Mozambique,,,-0.03174809415098557,-0.0508857960681427,,,-0.03970977511697937,-0.042353102485215295
Myanmar,,,0.0017756546533831549,-0.0050820690852911785,,,-0.0003868281496902825,-0.0033681332049687778
Nauru,,,,,,,,
Niue,,,,,,,,
North Korea,,,0.07834820767372108,0.06584320101906353,,,0.08333518554302588,0.06353132595351015
Palau,,,,,,,,
Palestine,,,-0.10402351107297068,0.007897417211005156,,,-0.05861637949876089,-0.037189750707091136
Pitcairn Islands,,,,,,,,
Puerto Rico,,,0.006819048067812198,-0.006571371110962873,,,0.002796323491234318,-0.0001988424298228133
"Saint Helena, Ascension and Tristan da Cunha",,,,,,,,
Samoa,,,-0.07649934094168485,-0.01635575934475975,,,-0.0799273781202848,-0.012961909979982816
San Marino,,,,,,,,
Somalia,,,0.008444296940305462,0.02511899029284596,,,0.013061738881381287,0.021086966714520414
South Sudan,,,0.026064042141914573,0.027628549639499095,,,0.026846295890706827,0.026846295890706827
St. Pierre and Miquelon,,,,,,,,
Tajikistan,,,0.0562314224142696,-0.017455517350864272,,,0.04432871324432769,-0.008040504740655376
Timor-Leste,,,,,,,,
Tokelau,,,0.051261602409555684,-0.01925456123053428,,,0.03283960943846054,0.0015837917168433045
Turkmenistan,,,-0.01657056101229056,-0.04537374999191374,,,-0.03413397136757773,-0.04448827401986726
Turks and Caicos Islands,,,0.009201922419664098,0.05304477648330129,,,0.02078633980276103,0.03948456711846717
US Minor Is.,,,,,,,,
Unspecified Area,,,0.004685875910188287,0.003586810320481291,,,0.004496675206684495,0.0038061079102255785
Uzbekistan,,,-0.014416954740405162,-0.0075255318539214485,,,-0.011133647198735008,-0.00822776569903968
Vietnam,,,-0.0033788838810576397,0.001195219080155432,,,-0.0020083466119748716,0.000393117681897809
Virgin Islands (U.S.),,,,,,,,
Wallis and Futuna Islands,,,,,,,,
Western Sahara,,,,,,,,
